Workbook

Sheet Таблица 1
B2: объекты управления, эксплуатации, содержания и текущего ремонта | C2: общее количество объектов | D2: общее количество проверенных объектов | F2: количество объектов с нарушениями | H2: общее количество установленных нарушений
C3: единицы | D3: единицы | E3: проценты | F3: единицы | G3: проценты | H3: единицы | I3: проценты
B4: дворовые территории | C4: =ДТ!C7 -> 0 | D4: =ДТ!D7 -> 0 | E4: =IFERROR(D4/C4*100,0) -> 0 | F4: =ДТ!F7 -> 0 | G4: =IFERROR(F4/D4*100,0) -> 0 | H4: =ДТ!H7 -> 0 | I4: =IFERROR(ROUND(H4/$H$8,4)*100,0) -> 0
B5: многоквартирные дома | C5: =МКД!C8 -> 0 | D5: =МКД!D8 -> 0 | E5: =IFERROR(D5/C5*100,0) -> 0 | F5: =МКД!F8 -> 0 | G5: =IFERROR(F5/D5*100,0) -> 0 | H5: =МКД!H8 -> 0 | I5: =IFERROR(ROUND(H5/$H$8,4)*100,0) -> 0
B6: объекты дорожного хозяйства | C6: =ОДХ!C7 -> 0 | D6: =ОДХ!D7 -> 0 | E6: =IFERROR(D6/C6*100,0) -> 0 | F6: =ОДХ!F7 -> 0 | G6: =IFERROR(F6/D6*100,0) -> 0 | H6: =ОДХ!H7 -> 0 | I6: =IFERROR(ROUND(H6/$H$8,4)*100,0) -> 0
B7: объекты озеленения | C7: =ОО!C7 -> 0 | D7: =ОО!D7 -> 0 | E7: =IFERROR(D7/C7*100,0) -> 0 | F7: =ОО!F7 -> 0 | G7: =IFERROR(F7/D7*100,0) -> 0 | H7: =ОО!H7 -> 0 | I7: =IFERROR(ROUND(H7/$H$8,4)*100,0) -> 0
B8: всего | C8: =SUM(C4:C7) -> 0 | D8: =SUM(D4:D7) -> 0 | E8: =IFERROR(D8/C8*100,0) -> 0 | F8: =SUM(F4:F7) -> 0 | G8: =IFERROR(F8/D8*100,0) -> 0 | H8: =SUM(H4:H7) -> 0 | I8: 100

Sheet Таблица 2
B2: объект обследования / вид нарушения | C2: период проверки | E2: период проверки
C5: количество нарушений
C6: шт. | D6: % | E6: шт. | F6: %
B7: дворовые территории | G7: ДТ 2023 | H7: ДТ 2024
B8: неудовлетворительное состояние АБП | C8: 0 | D8: =IFERROR(C8/$G$9*100,0) -> 0 | E8: =ДТ!I7 -> 0 | F8: =IFERROR(E8/$H$9*100,0) -> 0 | H8: ='Таблица 1'!C4 -> 0
B9: неудовлетворительное состояние ДП | C9: 0 | D9: =IFERROR(C9/$G$9*100,0) -> 0 | E9: =ДТ!P7 -> 0 | F9: =IFERROR(E9/$H$9*100,0) -> 0 | G9: =SUM(C8:C13) -> 0 | H9: ='Таблица 1'!H4 -> 0
B10: неудовлетворительное состояние СП | C10: 0 | D10: =IFERROR(C10/$G$9*100,0) -> 0 | E10: =ДТ!U7 -> 0 | F10: =IFERROR(E10/$H$9*100,0) -> 0
B11: не убрана, не очищена территория | C11: 0 | D11: =IFERROR(C11/$G$9*100,0) -> 0 | E11: =ДТ!#REF! -> #REF! | F11: =IFERROR(E11/$H$9*100,0) -> 0
B12: неудовлетворительное состояние КП | C12: 0 | D12: =IFERROR(C12/$G$9*100,0) -> 0 | E12: =ДТ!AB7 -> 0 | F12: =IFERROR(E12/$H$9*100,0) -> 0
B13: неудовлетворительное состояние МАФ на ДТ | C13: 0 | D13: =IFERROR(C13/$G$9*100,0) -> 0 | E13: =ДТ!#REF! -> #REF! | F13: =IFERROR(E13/$H$9*100,0) -> 0
B14: многоквартирные дома | G14: МКД 2023 | H14: МКД 2024
B15: неудовлетворительное состояние входных групп | C15: 0 | D15: =IFERROR(C15/$G$16*100,0) -> 0 | E15: =МКД!I8 -> 0 | F15: =IFERROR(E15/$H$16*100,0) -> 0 | H15: ='Таблица 1'!C5 -> 0
B16: неудовлетворительное состояние домовых указателей | C16: 0 | D16: =IFERROR(C16/$G$16*100,0) -> 0 | E16: =МКД!#REF! -> #REF! | F16: =IFERROR(E16/$H$16*100,0) -> 0 | G16: =SUM(C15:C21) -> 0 | H16: ='Таблица 1'!H5 -> 0
B17: неудовлетворительное состояние отмостки | C17: 0 | D17: =IFERROR(C17/$G$16*100,0) -> 0 | E17: =МКД!L8 -> 0 | F17: =IFERROR(E17/$H$16*100,0) -> 0
B18: неудовлетворительное состояние цоколя | C18: 0 | D18: =IFERROR(C18/$G$16*100,0) -> 0 | E18: =МКД!M8 -> 0 | F18: =IFERROR(E18/$H$16*100,0) -> 0
B19: неудовлетворительное состояние ливневых стоков | C19: 0 | D19: =IFERROR(C19/$G$16*100,0) -> 0 | E19: =МКД!N8 -> 0 | F19: =IFERROR(E19/$H$16*100,0) -> 0
B20: наклейки, надписи на фасаде зданий | C20: 0 | D20: =IFERROR(C20/$G$16*100,0) -> 0 | E20: =МКД!O8 -> 0 | F20: =IFERROR(E20/$H$16*100,0) -> 0
B21: наличие снежных масс и сосулек на кровлях и выступающих элементов фасадов зданий | C21: 0 | D21: =IFERROR(C21/$G$16*100,0) -> 0 | E21: =МКД!P8 -> 0 | F21: =IFERROR(E21/$H$16*100,0) -> 0
B22: объекты дорожного хозяйства | G22: ОДХ 2023 | H22: ОДХ 2024
B23: неудовлетворительное техническое состояние АБП | C23: 0 | D23: =IFERROR(C23/$G$24*100,0) -> 0 | E23: =#REF! -> #REF! | F23: =IFERROR(E23/$H$24*100,0) -> 0 | H23: ='Таблица 1'!C6 -> 0
B24: неудовлетворительное санитарное состояние АБП | C24: 0 | D24: =IFERROR(C24/$G$24*100,0) -> 0 | E24: =#REF! -> #REF! | F24: =IFERROR(E24/$H$24*100,0) -> 0 | G24: =SUM(C23:C24) -> 0 | H24: ='Таблица 1'!H6 -> 0

Sheet ДТ
B2: район | C2: общее количество дворов | D2: количество проверенных дворов | E2: % | F2: количество дворов с нарушениями | G2: % | H2: общее количество нарушений | I2: в том числе выявленные нарушения (количество)
I3: состояние АБП | J3: в том числе | P3: состояние детских площадок | Q3: в том числе | U3: состояние спортивных площадок | V3: в том числе | Z3: состояние контейнерных площадок | AA3: МАФ на ДТ | AB3: Газон и зеленые насаждения
J4: локальные разрушения на проездах | K4: локальные разрушения на ДТС | L4: локальные разрушения бортового камня | M4: ИДН | N4: подпорная стена | O4: не убрана, не очищена территория | Q4: состояние покрытия | R4: МАФ | S4: информационная табличка | T4: не убрана, не очищена территория | V4: состояние покрытия | W4: МАФ | X4: информационная табличка | Y4: не убрана, не очищена территория
J5: шт. | K5: шт. | L5: шт. | M5: шт. | N5: шт. | Q5: шт. | R5: шт. | S5: шт. | T5: шт. | V5: шт. | W5: шт. | X5: шт. | Y5: шт. | Z5: шт. | AA5: шт. | AB5: шт.
B6: 1 | C6: 2 | D6: 3 | E6: 4 | F6: 5 | G6: 6 | H6: 7 | I6: 8 | J6: 9 | K6: 10 | L6: 11 | M6: 12 | N6: 13 | O6: 14 | P6: 16 | Q6: 17 | R6: 19 | S6: 20 | T6: 21 | U6: 22 | V6: 23 | W6: 24 | X6: 25 | Y6: 26 | Z6: 27 | AA6: 28 | AB6: 30
B7: Район | C7: 0 | D7: 0 | E7: =IFERROR(D7/C7,0) -> 0 | F7: 0 | G7: =IFERROR(F7/D7*100,0) -> 0 | H7: =SUM(I7,P7,U7,Z7:AB7) -> 0 | I7: =SUM(J7:O7) -> 0 | J7: 0 | K7: 0 | L7: 0 | M7: 0 | N7: 0 | O7: 0 | P7: =SUM(Q7:T7) -> 0 | Q7: 0 | R7: 0 | S7: 0 | T7: 0 | U7: =SUM(V7:Y7) -> 0 | V7: 0 | W7: 0 | X7: 0 | Y7: 0 | Z7: 0 | AA7: 0 | AB7: 0
B8: итого в процентном соотношении от выявленных нарушений по ОО | H8: =IFERROR((H7/H7)*100,0) -> 0 | I8: =IFERROR(ROUND(I7/$H$7,4)*100,0) -> 0 | J8: =IFERROR(ROUND(J7/$H$7,4)*100,0) -> 0 | K8: =IFERROR(ROUND(K7/$H$7,4)*100,0) -> 0 | L8: =IFERROR(ROUND(L7/$H$7,4)*100,0) -> 0 | M8: =IFERROR(ROUND(M7/$H$7,4)*100,0) -> 0 | N8: =IFERROR(ROUND(N7/$H$7,4)*100,0) -> 0 | O8: =IFERROR(ROUND(O7/$H$7,4)*100,0) -> 0 | P8: =IFERROR(ROUND(P7/$H$7,4)*100,0) -> 0 | ... AB8: =IFERROR(ROUND(AB7/$H$7,4)*100,0) -> 0

Sheet МКД
B2: район | C2: Общее количество МКД | D2: Количество проверенных МКД | E2: % | F2: количество МКД с нарушениями | G2: % | H2: общее количество нарушений | I2: в том числе выявленные нарушения (количество)
I3: состояние входной группы | J3: в том числе | L3: состояние отмостки | M3: Состояние цоколя | N3: состояние ливневых стоков | O3: наклейки, надписи на фасаде здания | P3: наличие снежных масс и сосулек на кровлях и выступающих элементов фасадов зданий
J4: техническое состояние (крыльца, лестницы, входной двери в подъезд, козырька над подъездом) | K4: санитарное состояние (наклейки, надписи, мусор)
I6: шт. | J6: шт. | K6: шт. | L6: шт. | M6: шт. | N6: шт. | O6: шт. | P6: шт.
B7: 1 | C7: 2 | D7: 3 | E7: 4 | F7: 5 | G7: 6 | H7: 7 | I7: 8 | J7: 9 | K7: 10 | L7: 12 | M7: 13 | N7: 14 | O7: 15 | P7: 16
B8: район | C8: 0 | D8: 0 | E8: =IFERROR(D8/C8,0) -> 0 | F8: 0 | G8: =IFERROR(F8/D8*100,0) -> 0 | H8: =SUM(I8,L8:P8) -> 0 | I8: =J8+K8 -> 0 | J8: 0 | K8: 0 | L8: 0 | M8: 0 | N8: 0 | O8: 0 | P8: 0
B9: итого в процентном соотношении от выявленных нарушений по МКД | H9: =IFERROR((H8/H8)*100,0) -> 0 | I9: =IFERROR(ROUND(I8/$H$8,4)*100,0) -> 0 | J9: =IFERROR(ROUND(J8/$H$8,4)*100,0) -> 0 | K9: =IFERROR(ROUND(K8/$H$8,4)*100,0) -> 0 | L9: =IFERROR(ROUND(L8/$H$8,4)*100,0) -> 0 | M9: =IFERROR(ROUND(M8/$H$8,4)*100,0) -> 0 | N9: =IFERROR(ROUND(N8/$H$8,4)*100,0) -> 0 | O9: =IFERROR(ROUND(O8/$H$8,4)*100,0) -> 0 | P9: =IFERROR(ROUND(P8/$H$8,4)*100,0) -> 0

Sheet ОДХ
B2: район | C2: общее количество ОДХ | D2: количество проверенных ОДХ | E2: % | F2: количество ОДХ с нарушениями | G2: % | H2: общее количество нарушений | I2: в том числе выявленные нарушения (количество)
I3: состояние АБП | J3: в том числе | O3: неудовлетворительное состояние ограждений | P3: техническое состояние | Q3: санитарное состояние | R3: неудовлетворительное санитарное состояние дорожных знаков | S3: МАФ ОДХ
J4: локальные разрушения на проездах | K4: локальные разрушения на тротуарах | L4: локальные разрушения бортового камня | M4: ИДН | N4: не убрана, не очищена территория
J5: шт. | K5: шт. | L5: шт. | M5: шт. | N5: шт. | O5: шт. | P5: шт. | Q5: шт. | R5: шт. | S5: шт.
B6: 1 | C6: 2 | D6: 3 | E6: 4 | F6: 5 | G6: 6 | H6: 7 | I6: 8 | J6: 9 | K6: 10 | L6: 11 | M6: 12 | N6: 13 | O6: 14 | P6: 15 | Q6: 16 | R6: 17 | S6: 19
B7: район | C7: 0 | D7: 0 | E7: =IFERROR(D7/C7,0) -> 0 | F7: 0 | G7: =IFERROR(F7/D7*100,0) -> 0 | H7: =SUM(I7,O7,R7:S7) -> 0 | I7: =SUM(J7:N7) -> 0 | J7: 0 | K7: 0 | L7: 0 | M7: 0 | N7: 0 | O7: =SUM(P7:Q7) -> 0 | P7: 0 | Q7: 0 | R7: 0 | S7: 0
B8: итого в процентном соотношении от выявленных нарушений по ДТ | H8: =IFERROR((H7/H7)*100,0) -> 0 | I8: =IFERROR(ROUND(I7/$H$7,4)*100,0) -> 0 | J8: =IFERROR(ROUND(J7/$H$7,4)*100,0) -> 0 | K8: =IFERROR(ROUND(K7/$H$7,4)*100,0) -> 0 | L8: =IFERROR(ROUND(L7/$H$7,4)*100,0) -> 0 | M8: =IFERROR(ROUND(M7/$H$7,4)*100,0) -> 0 | N8: =IFERROR(ROUND(N7/$H$7,4)*100,0) -> 0 | O8: =IFERROR(ROUND(O7/$H$7,4)*100,0) -> 0 | P8: =IFERROR(ROUND(P7/$H$7,4)*100,0) -> 0 | ... S8: =IFERROR(ROUND(S7/$H$7,4)*100,0) -> 0

Sheet ОО
B2: район | C2: общее количество ОО | D2: количество проверенных ОО | E2: % | F2: количество ОО с нарушениями | G2: % | H2: общее количество нарушений | I2: в том числе выявленные нарушения (количество)
I3: состояние АБП | J3: в том числе | P3: состояние детских площадок | Q3: в том числе | U3: состояние спортивных площадок | V3: в том числе | Z3: МАФ ОО | AA3: Газон и зеленые насаждения
J4: локальные разрушения на проездах | K4: локальные разрушения на ДТС | L4: локальные разрушения бортового камня | M4: ИДН | N4: подпорная стена | O4: сан. АБП | Q4: состояние покрытия | R4: МАФ | S4: информационная табличка | T4: Сан. ДП | V4: состояние покрытия | W4: МАФ | X4: информационная табличка | Y4: Сан. СП
J5: шт. | K5: шт. | L5: шт. | M5: шт. | Q5: шт. | R5: шт. | S5: шт. | T5: шт. | V5: шт. | W5: шт. | X5: шт. | Y5: шт. | Z5: шт. | AA5: шт.
B6: 1 | C6: 2 | D6: 3 | E6: 4 | F6: 5 | G6: 6 | H6: 7 | I6: 8 | J6: 9 | K6: 10 | L6: 11 | M6: 12 | N6: 13 | O6: 14 | P6: 16 | Q6: 17 | R6: 18 | S6: 19 | T6: 20 | U6: 21 | V6: 22 | W6: 23 | X6: 24 | Y6: 25 | Z6: 26 | AA6: 28
B7: район | C7: 0 | D7: 0 | E7: =IFERROR(D7/C7,0) -> 0 | F7: 0 | G7: =IFERROR(F7/D7*100,0) -> 0 | H7: =SUM(I7,P7,U7,Z7:AA7) -> 0 | I7: =SUM(J7:O7) -> 0 | J7: 0 | K7: 0 | L7: 0 | M7: 0 | N7: 0 | O7: 0 | P7: =SUM(Q7:T7) -> 0 | Q7: 0 | R7: 0 | S7: 0 | T7: 0 | U7: =SUM(V7:Y7) -> 0 | V7: 0 | W7: 0 | X7: 0 | Y7: 0 | Z7: 0 | AA7: 0
B8: итого в процентном соотношении от выявленных нарушений по ДТ | H8: =IFERROR((H7/H7)*100,0) -> 0 | I8: =IFERROR(ROUND(I7/$H$7,4)*100,0) -> 0 | J8: =IFERROR(ROUND(J7/$H$7,4)*100,0) -> 0 | K8: =IFERROR(ROUND(K7/$H$7,4)*100,0) -> 0 | L8: =IFERROR(ROUND(L7/$H$7,4)*100,0) -> 0 | M8: =IFERROR(ROUND(M7/$H$7,4)*100,0) -> 0 | N8: =IFERROR(ROUND(N7/$H$7,4)*100,0) -> 0 | O8: =IFERROR(ROUND(O7/$H$7,4)*100,0) -> 0 | P8: =IFERROR(ROUND(P7/$H$7,4)*100,0) -> 0 | ... AA8: =IFERROR(ROUND(AA7/$H$7,4)*100,0) -> 0
